First Name,Last Name,Position,Email
,,,adelaide.ncho@mugef-ci.com
,,,adeline.metch@mugef-ci.com
,,,admin@mugef-ci.com
,,,adrienne.lavry@mugef-ci.com
,,,agnes.brakoi@mugef-ci.com
,,,agnes.yoboue@mugef-ci.com
,,,ahissatou.kone@mugef-ci.com
,,,aime.koffi@mugef-ci.com
,,,albert.dian@mugef-ci.com
,,,alexandre.agori@mugef-ci.com
,,,alexandre.ake@mugef-ci.com
,,,alexis.kouadio@mugef-ci.com
,,,alexise.tre@mugef-ci.com
,,,alida.kacou@mugef-ci.com
,,,amani.bogro@mugef-ci.com
,,,amelie.kouadio@mugef-ci.com
,,,aminata.kouame@mugef-ci.com
,,,angelo.ndri@mugef-ci.com
,,,anne.boni@mugef-ci.com
,,,annick.mel@mugef-ci.com
,,,antoine.tete@mugef-ci.com
,,,anytha.yao@mugef-ci.com
,,,ardjata.coulibaly@mugef-ci.com
,,,armelle.yao@mugef-ci.com
,,,arnaud.bile@mugef-ci.com
,,,arnaud.gadji@mugef-ci.com
,,,arnaud.noume@mugef-ci.com
,,,arsene.oulai@mugef-ci.com
,,,arthur.bede@mugef-ci.com
,,,assetou.koffi@mugef-ci.com
,,,assita.kone@mugef-ci.com
,,,atteminin.atteminin@mugef-ci.com
,,,attoungbre.yoboue@mugef-ci.com
,,,augustine.aka@mugef-ci.com
,,,aurelie.bouvier@mugef-ci.com
,,,aurore.ouattara@mugef-ci.com
,,,ayemou.kacou@mugef-ci.com
,,,bakary.ouattara@mugef-ci.com
,,,bamoro.coulibaly@mugef-ci.com
,,,basile.kadja@mugef-ci.com
,,,bazoumana.coulibaly@mugef-ci.com
,,,beatrice.ackon@mugef-ci.com
,,,beatrice.ehouan@mugef-ci.com
,,,beatrice.elloui@mugef-ci.com
,,,bernadette.kouassi@mugef-ci.com
,,,bernadin.digbeu@mugef-ci.com
,,,bernard.ahua@mugef-ci.com
,,,bertin.fouabi@mugef-ci.com
,,,bertin.koffikokore@mugef-ci.com
,,,bertine.bossehi@mugef-ci.com
,,,biba.coulibaly@mugef-ci.com
,,,boga.oteme@mugef-ci.com
,,,bonaventure.kone@mugef-ci.com
,,,brahima.traore@mugef-ci.com
,,,brice.yapi@mugef-ci.com
,,,brigitte.gnomblesson@mugef-ci.com
,,,bruno.quinatibi@mugef-ci.com
,,,caroline.odoukpe@mugef-ci.com
,,,caroline.tra@mugef-ci.com
,,,celine.yoboue@mugef-ci.com
,,,chantal.ayekoue@mugef-ci.com
,,,chantal.kouadio@mugef-ci.com
,,,chantal.yao@mugef-ci.com
,,,chapp@mugef-ci.com
,,,charles.eno@mugef-ci.com
,,,charles.kouadio@mugef-ci.com
,,,charles.yao@mugef-ci.com
,,,christelle.guede@mugef-ci.com
,,,christian.ouffoue@mugef-ci.com
,,,christophe.codo@mugef-ci.com
,,,christopher.bio@mugef-ci.com
,,,cinthia.daouda@mugef-ci.com
,,,clarisse.coulibaly@mugef-ci.com
,,,claude.adouakoua@mugef-ci.com
,,,claude.kikunda@mugef-ci.com
,,,claver.gbaka@mugef-ci.com
,,,clemence.tiapa@mugef-ci.com
,,,clementine.boni@mugef-ci.com
,,,colette.gnapi@mugef-ci.com
,,,colette.koffi@mugef-ci.com
,,,commande.cartes@mugef-ci.com
,,,constant.amanzure@mugef-ci.com
,,,constant.sekloka@mugef-ci.com
,,,coulibaly.yeo@mugef-ci.com
,,,cynthia.baye@mugef-ci.com
,,,dabila.kamagate@mugef-ci.com
,,,daniel.diebe@mugef-ci.com
,,,daniel.ndoua@mugef-ci.com
,,,danielle.dje@mugef-ci.com
,,,david.yao@mugef-ci.com
,,,debat.vami@mugef-ci.com
,,,delphine.adje@mugef-ci.com
,,,denis.bede@mugef-ci.com
,,,denis.gouet@mugef-ci.com
,,,denise.koffi@mugef-ci.com
,,,denise.tapie@mugef-ci.com
,,,diane.adiko@mugef-ci.com
,,,didier.kouame@mugef-ci.com
,,,dieudonne.ouattara@mugef-ci.com
,,,dingui.dje@mugef-ci.com
,,,djara.bamba@mugef-ci.com
,,,dje.koffi@mugef-ci.com
,,,dominique.ebah@mugef-ci.com
,,,dominique.ecra@mugef-ci.com
,,,dominique.kangah@mugef-ci.com
,,,doriane.kouame@mugef-ci.com
,,,edmond.niangoran@mugef-ci.com
,,,edouard.beda@mugef-ci.com
,,,edoxie.nguessan@mugef-ci.com
,,,edwige.akoma@mugef-ci.com
,,,edwige.benie@mugef-ci.com
,,,ekra.osse@mugef-ci.com
,,,elise.mantho@mugef-ci.com
,,,elodia.akouamien@mugef-ci.com
,,,emilie.koue@mugef-ci.com
,,,emmanuel.gosse@mugef-ci.com
,,,emmanuel.morokro@mugef-ci.com
,,,emmanuel.nguiachi@mugef-ci.com
,,,erichson.akassou@mugef-ci.com
,,,ermant.benie@mugef-ci.com
,,,ernest.danon@mugef-ci.com
,,,espace.mutualiste@mugef-ci.com
,,,estelle.agnimel@mugef-ci.com
,,,estelle.bagou@mugef-ci.com
,,,estelle.koffi@mugef-ci.com
,,,etienne.bagui@mugef-ci.com
,,,etienne.biby@mugef-ci.com
,,,etiennette.kone@mugef-ci.com
,,,euphrasie.kassi@mugef-ci.com
,,,evariste.amon@mugef-ci.com
,,,evelyne.kouame@mugef-ci.com
,,,fabrice.dagbre@mugef-ci.com
,,,fabrice.gbaka@mugef-ci.com
,,,fatim.coulibaly@mugef-ci.com
,,,fatoumata.botti@mugef-ci.com
,,,fatoumata.yeo2@mugef-ci.com
,,,fernand.affoumani2@mugef-ci.com
,,,fidele.niangoran@mugef-ci.com
,,,firmin.agre@mugef-ci.com
,,,flora.kouame@mugef-ci.com
,,,florence.gbane@mugef-ci.com
,,,francis.fanny@mugef-ci.com
,,,francois.kobon@mugef-ci.com
,,,francoise.adopo@mugef-ci.com
,,,freddy.mapli@mugef-ci.com
,,,frederic.ake@mugef-ci.com
,,,fulgence.drama@mugef-ci.com
,,,gabin.yao@mugef-ci.com
,,,galsync.d6nvoib7q@mugef-ci.com
,,,gbamele.kouadio@mugef-ci.com
,,,genevieve.anoma@mugef-ci.com
,,,gerard.koffi@mugef-ci.com
,,,gilles.ehouman@mugef-ci.com
,,,gilles.ine@mugef-ci.com
,,,gisele.beauloup@mugef-ci.com
,,,gisele.kouassi@mugef-ci.com
,,,glpi@mugef-ci.com
,,,gode.potolly@mugef-ci.com
,,,gohore.djahouri@mugef-ci.com
,,,guy.kone@mugef-ci.com
,,,habibatou.doumbia@mugef-ci.com
,,,ham.7wnpfs2n@mugef-ci.com
,,,helene.dje@mugef-ci.com
,,,helene.seka@mugef-ci.com
,,,henri.diekakou@mugef-ci.com
,,,henri.odon@mugef-ci.com
,,,hermann.meh@mugef-ci.com
,,,herve.brou@mugef-ci.com
,,,herve.koffi@mugef-ci.com
,,,hilda.anouman@mugef-ci.com
,,,honore.brou@mugef-ci.com
,,,hortense.guei2@mugef-ci.com
,,,hortense.kadio@mugef-ci.com
,,,hotline@mugef-ci.com
,,,houmou.konan@mugef-ci.com
,,,hyppolite.ntakpe2@mugef-ci.com
,,,infos@mugef-ci.com
,,,innocent.yao@mugef-ci.com
,,,irene.nguessan@mugef-ci.com
,,,isabelle.lahekon@mugef-ci.com
,,,isabelle.nguessan@mugef-ci.com
,,,isacare@mugef-ci.com
,,,isidore.besson@mugef-ci.com
,,,isidore.eba@mugef-ci.com
,,,ismaila.diabate@mugef-ci.com
,,,issa.bamba@mugef-ci.com
,,,issouf.sorho@mugef-ci.com
,,,jacques.konan@mugef-ci.com
,,,jacques.nguessan@mugef-ci.com
,,,janvier.kouadio@mugef-ci.com
,,,jaures.nguessan@mugef-ci.com
,,,jean-baptiste.kouabenan@mugef-ci.com
,,,jean.gbami@mugef-ci.com
,,,jean.kouame@mugef-ci.com
,,,jean.mobio@mugef-ci.com
,,,jeanne.keita@mugef-ci.com
,,,jeannette.kadio@mugef-ci.com
,,,jeannette.oboe@mugef-ci.com
,,,jemima.guei@mugef-ci.com
,,,jonas.kouame@mugef-ci.com
,,,jonathan.soro@mugef-ci.com
,,,joseph.essy@mugef-ci.com
,,,joseph.konan@mugef-ci.com
,,,josiane.apata@mugef-ci.com
,,,josiane.bile@mugef-ci.com
,,,josiane.kossia@mugef-ci.com
,,,josiane.kouassi@mugef-ci.com
,,,josiane.yapo@mugef-ci.com
,,,jules.effo@mugef-ci.com
,,,julien.asseupo@mugef-ci.com
,,,juliette.ndry@mugef-ci.com
,,,juliette.tagbo@mugef-ci.com
,,,junior.bamba@mugef-ci.com
,,,junior.yapi@mugef-ci.com
,,,justin.kacou@mugef-ci.com
,,,kader.sylla@mugef-ci.com
,,,kariatou.sidibe@mugef-ci.com
,,,kartia.konate@mugef-ci.com
,,,kevin.kouadio@mugef-ci.com
,,,konan.brou@mugef-ci.com
,,,konankan.kouakou@mugef-ci.com
,,,kouassi.kouassi2@mugef-ci.com
,,,kouassi.niangoran@mugef-ci.com
,,,koutoua.borba@mugef-ci.com
,,,lamoussa.kan@mugef-ci.com
,,,landry.goa@mugef-ci.com
,,,laure.nguessan@mugef-ci.com
,,,laurence.kamara@mugef-ci.com
,,,lea.adou@mugef-ci.com
,,,lea.bailly2@mugef-ci.com
,,,lea.kouassi@mugef-ci.com
,,,lea.soro@mugef-ci.com
,,,legnimin.sekongo@mugef-ci.com
,,,lemutualiste@mugef-ci.com
,,,leonard.kouassi@mugef-ci.com
,,,leonie.bla@mugef-ci.com
,,,lidivine.tia@mugef-ci.com
,,,liliane.ndrin@mugef-ci.com
,,,liliane.nguessan@mugef-ci.com
,,,louis.tuo@mugef-ci.com
,,,luc.ezoua@mugef-ci.com
,,,lucien.koffi@mugef-ci.com
,,,ludovic.kadio@mugef-ci.com
,,,lydie.ahoulou@mugef-ci.com
,,,mada.coulibaly@mugef-ci.com
,,,madeleine.akeko@mugef-ci.com
,,,magloire.kouame@mugef-ci.com
,,,maimouna.ouattara@mugef-ci.com
,,,mamadou.bamba@mugef-ci.com
,,,mamadou.coulibaly@mugef-ci.com
,,,mamadou.ouattara@mugef-ci.com
,,,mamadou.sanogo@mugef-ci.com
,,,mamadou.traore@mugef-ci.com
,,,mamert.adje@mugef-ci.com
,,,mandiaye.dieng@mugef-ci.com
,,,manza.tiekoura@mugef-ci.com
,,,marc.adopo@mugef-ci.com
,,,marc.nguessan@mugef-ci.com
,,,marcel.kouame@mugef-ci.com
,,,marcelle.eyou@mugef-ci.com
,,,marcellin.kouadio@mugef-ci.com
,,,mariam.traore@mugef-ci.com
,,,mariame.coulibaly@mugef-ci.com
,,,mariame.karamoko@mugef-ci.com
,,,marie.blehi@mugef-ci.com
,,,marie.gnamien@mugef-ci.com
,,,marieclaude.meledje@mugef-ci.com
,,,marietou.diakite@mugef-ci.com
,,,marius.boue@mugef-ci.com
,,,marketing@mugef-ci.com
,,,martial.behiri@mugef-ci.com
,,,massandje.sangare@mugef-ci.com
,,,massandje.toure@mugef-ci.com
,,,massita.diaby@mugef-ci.com
,,,mathieu.dibi@mugef-ci.com
,,,mathilde.toure@mugef-ci.com
,,,medard.konan@mugef-ci.com
,,,melama.coulibaly@mugef-ci.com
,,,melissa.kouao@mugef-ci.com
,,,mesmin.komoe@mugef-ci.com
,,,michele.anoma@mugef-ci.com
,,,michelle.kouassi@mugef-ci.com
,,,moise.nguessan@mugef-ci.com
,,,monier.kouassi@mugef-ci.com
,,,monique.ouadi@mugef-ci.com
,,,monitoring_db@mugef-ci.com
,,,morisson.manouan@mugef-ci.com
,,,myq@mugef-ci.com
,,,nadege.agnini@mugef-ci.com
,,,nadege.koffi@mugef-ci.com
,,,nadege.kone@mugef-ci.com
,,,nadege.soro@mugef-ci.com
,,,narcisse.kobi@mugef-ci.com
,,,narcisse.kone@mugef-ci.com
,,,natacha.zanami@mugef-ci.com
,,,nathalie.kouame@mugef-ci.com
,,,nathalie.loukou@mugef-ci.com
,,,ndri.dogninan@mugef-ci.com
,,,ndri.yao@mugef-ci.com
,,,nessuscompliance@mugef-ci.com
,,,nestor.kouadio@mugef-ci.com
,,,ngoran.kouadio@mugef-ci.com
,,,nguessan.ahoua@mugef-ci.com
,,,nguezan.erdjah@mugef-ci.com
,,,octavie.zohore@mugef-ci.com
,,,odette.beugre@mugef-ci.com
,,,odile.ndri@mugef-ci.com
,,,olivia.nene@mugef-ci.com
,,,olivier.dongo@mugef-ci.com
,,,olivier.gbeho@mugef-ci.com
,,,olivier.kossa2@mugef-ci.com
,,,ouattara.kouadio@mugef-ci.com
,,,oumar.kone@mugef-ci.com
,,,ousmane.ouattara@mugef-ci.com
,,,pacome.koffi@mugef-ci.com
,,,pamela.tehe@mugef-ci.com
,,,parfait.amany@mugef-ci.com
,,,parfait.kouadio@mugef-ci.com
,,,parfaite.soro@mugef-ci.com
,,,pascale.yapo@mugef-ci.com
,,,paterne.nanguy@mugef-ci.com
,,,patrick.gangui@mugef-ci.com
,,,paul.beobe@mugef-ci.com
,,,paul.gnagbo@mugef-ci.com
,,,paul.yapi@mugef-ci.com
,,,perpetue.madou@mugef-ci.com
,,,philippe.ake@mugef-ci.com
,,,philippe.aoussi@mugef-ci.com
,,,pierre.yao2@mugef-ci.com
,,,pierrette.kassa@mugef-ci.com
,,,prisca.kouame@mugef-ci.com
,,,privat.madou@mugef-ci.com
,,,privat.tebao@mugef-ci.com
,,,projet.gpec@mugef-ci.com
,,,rachel.kouakou@mugef-ci.com
,,,raphael.kouakou@mugef-ci.com
,,,raymond.aka@mugef-ci.com
,,,recrutement@mugef-ci.com
,,,richard.diakoure@mugef-ci.com
,,,richard.koffi@mugef-ci.com
,,,rodrigue.bledou@mugef-ci.com
,,,roland.ouattara@mugef-ci.com
,,,roland.ouedraogo@mugef-ci.com
,,,roselyne.conde@mugef-ci.com
,,,rosine.keunan@mugef-ci.com
,,,roxane.kouame@mugef-ci.com
,,,roxanne.wognin@mugef-ci.com
,,,safiatou.djoue@mugef-ci.com
,,,safiatou.koanda@mugef-ci.com
,,,safiatou.soro@mugef-ci.com
,,,sangare.mamourou@mugef-ci.com
,,,scan.canon@mugef-ci.com
,,,serge.assande@mugef-ci.com
,,,serge.chy@mugef-ci.com
,,,serge.kouadio@mugef-ci.com
,,,seydou.fofana@mugef-ci.com
,,,sidoine.nguessan@mugef-ci.com
,,,siem.mugefci@mugef-ci.com
,,,simplice.kouassi@mugef-ci.com
,,,sita.bamba@mugef-ci.com
,,,solange.bile2@mugef-ci.com
,,,solange.ndri@mugef-ci.com
,,,soraya.sery@mugef-ci.com
,,,sosthene.bledoumin@mugef-ci.com
,,,soumaila.kande@mugef-ci.com
,,,spam.umv37iwy@mugef-ci.com
,,,stagiaire.dcgai@mugef-ci.com
,,,stagiaire.rh@mugef-ci.com
,,,stella.alopo@mugef-ci.com
,,,stella.cess@mugef-ci.com
,,,stephanie.konan@mugef-ci.com
,,,suzanne.niamkey@mugef-ci.com
,,,sylvain.goa@mugef-ci.com
,,,syntiche.sabalogo@mugef-ci.com
,,,ta.trabi2@mugef-ci.com
,,,tanou.siriki@mugef-ci.com
,,,tchiegnien.peuhmond@mugef-ci.com
,,,techouse.cmu@mugef-ci.com
,,,test_mail_restored@mugef-ci.com
,,,testandroid@mugef-ci.com
,,,testoutlook@mugef-ci.com
,,,theophile.kouame2@mugef-ci.com
,,,theophine.ndri@mugef-ci.com
,,,tidiane.kone@mugef-ci.com
,,,tiebi.laurent@mugef-ci.com
,,,tinan.guero@mugef-ci.com
,,,ursule.echigban@mugef-ci.com
,,,valentin.sahibi@mugef-ci.com
,,,valerie.theby@mugef-ci.com
,,,venance.bla@mugef-ci.com
,,,vianney.yapo@mugef-ci.com
,,,victoire.toure@mugef-ci.com
,,,vidal.kouassi@mugef-ci.com
,,,vincent.kadjo@mugef-ci.com
,,,virgine.yeo@mugef-ci.com
,,,virus-quarantine.nr6gmrwmf9@mugef-ci
,,,viviane.nzebo@mugef-ci.com
,,,wenceslas.kakou@mugef-ci.com
,,,xavier.niamke@mugef-ci.com
,,,yannick.amichia@mugef-ci.com
,,,youssef.keita@mugef-ci.com
,,,yves.zon@mugef-ci.com
,,,zainab.cissoko@mugef-ci.com
,,,ziao.cenao@mugef-ci.com
